{
  "args0": [
    {
      "type": "input_dummy",
      "name": "var"
    },
    {
      "type": "input_statement",
      "name": "text"
    }
  ],
  "extensions": [
    "file_variables"
  ],
  "mutator": "variable_entity_input",
  "inputsInline": true,
  "previousStatement": null,
  "nextStatement": null,
  "colour": 270,
  "mcreator": {
    "group": "txt",
    "toolbox_id": "file_manager_actions",
    "statements": [
      {
        "name": "text"
      }
    ],
    "fields": [
      "VAR"
    ]
  }
}