{
  "dependencies_provided": [
    {
      "name": "world",
      "type": "world"
    },
    {
      "name": "entity",
      "type": "entity"
    },
    {
      "name": "x",
      "type": "number"
    },
    {
      "name": "y",
      "type": "number"
    },
    {
      "name": "z",
      "type": "number"
    },
    {
      "name": "prevX",
      "type": "number"
    },
    {
      "name": "prevY",
      "type": "number"
    },
    {
      "name": "prevZ",
      "type": "number"
    }
  ],
  "cancelable": "true",
  "side": "server"
}
