{
  "dependencies_provided": [
    {
      "name": "world",
      "type": "world"
    },
    {
      "name": "entity",
      "type": "entity"
    },
    {
      "name": "leftItem",
      "type": "itemstack"
    },
    {
      "name": "rightItem",
      "type": "itemstack"
    },
    {
      "name": "levelCost",
      "type": "number"
    },
    {
      "name": "output",
      "type": "itemstack"
    },
    {
      "name": "materialCost",
      "type": "number"
    },
    {
      "name": "itemName",
      "type": "string"
    }
  ],
  "cancelable": "true"
}
