{
  "args0": [
    {
      "type": "input_value",
      "name": "index",
      "check": "Number"
    },
    {
      "type": "input_value",
      "name": "string",
      "check": "String"
    }
  ],
  "inputsInline": true,
  "output": "String",
  "colour": "#0952a4",
  "mcreator": {
    "toolbox_id": "",
    "toolbox_init": [
      "<value name=\"index\"><block type=\"math_number\"><field name=\"NUM\">0</field></block></value>",
      "<value name=\"string\"><block type=\"text\"><field name=\"TEXT\">value</field></block></value>"
    ],
    "inputs": [
      "index",
      "string"
    ]
  }
}