{
  "args0": [
    {
      "type": "input_value",
      "name": "index",
      "check": "Number"
    },
    {
      "type": "input_value",
      "name": "text",
      "check": "String"
    },
    {
      "type": "input_value",
      "name": "char",
      "check": "String"
    }
  ],
  "inputsInline": true,
  "output": "String",
  "colour": "#0952a4",
  "mcreator": {
    "toolbox_id": "",
    "toolbox_init": [
      "<value name=\"index\"><block type=\"math_number\"><field name=\"NUM\">0</field></block></value>",
      "<value name=\"text\"><block type=\"text\"><field name=\"TEXT\">text</field></block></value>",
      "<value name=\"char\"><block type=\"text\"><field name=\"TEXT\">text</field></block></value>"
    ],
    "inputs": [
      "index",
      "text",
      "char"
    ]
  }
}