{
  "args0": [
    {
      "type": "input_value",
      "name": "uuidstring",
      "check": "String"
    }
  ],
  "inputsInline": true,
  "output": "Entity",
  "colour": "#5b93a5",
  "mcreator": {
    "toolbox_id": "data",
    "toolbox_init": [
      "<value name=\"uuidstring\"><block type=\"text\"><field name=\"TEXT\">UUID</field></block></value>"
    ],
    "inputs": [
      "uuidstring"
    ],
    "dependencies": [
      {
        "name": "world",
        "type": "world"
      }
    ]
  }
}