{
  "args0": [
    {
      "type": "input_value",
      "name": "text",
      "check": "String"
    },
    {
      "type": "input_value",
      "name": "2split",
      "check": "String"
    },
    {
      "type": "input_statement",
      "name": "foreach"
    },
    {
      "type": "input_value",
      "name": "_placeholder",
      "check": "String"
    }
  ],
  "inputsInline": true,
  "previousStatement": null,
  "nextStatement": null,
  "colour": "#5ba58c",
  "mcreator": {
    "toolbox_id": "actions",
    "toolbox_init": [
      "<value name=\"text\"><block type=\"text\"><field name=\"TEXT\">text1,text2</field></block></value>",
      "<value name=\"2split\"><block type=\"text\"><field name=\"TEXT\">,</field></block></value>",
      "<value name=\"_placeholder\"><block deletable=\"false\" movable=\"false\" enabled=\"false\" type=\"string_iterator\"></block></value>"
    ],
    "inputs": [
      "text",
      "2split"
    ],
    "statements": [
      {
        "name": "foreach",
        "disable_local_variables": false
      }
    ]
  }
}
