{
  "args0": [
    {
      "type": "input_value",
      "name": "amount_l",
      "check": "Number"
    },
    {
      "type": "input_value",
      "name": "amount_h",
      "check": "Number"
    },
    {
      "type": "input_value",
      "name": "item",
      "check": "MCItem"
    }
  ],
  "inputsInline": true,
  "previousStatement": null,
  "nextStatement": null,
  "colour": 60,
  "mcreator": {
    "toolbox_id": "items",
    "toolbox_init": [
      "<value name=\"item\"><block type=\"mcitem_all\"><field name=\"value\"></field></block></value>",
      "<value name=\"amount_l\"><block type=\"math_number\"><field name=\"NUM\">0</field></block></value>",
      "<value name=\"amount_h\"><block type=\"math_number\"><field name=\"NUM\">16000</field></block></value>"
    ],
    "inputs": [
      "amount_l",
      "amount_h",
      "item"
    ]
  }
}