{
  "args0": [
    {
      "type": "input_value",
      "name": "perm",
      "check": "String"
    },
    {
      "type": "input_value",
      "name": "entity",
      "check": "Entity"
    }
  ],
  "inputsInline": true,
  "output": "Boolean",
  "colour": "#b0ba0b",
  "mcreator": {
    "toolbox_id": "base",
    "toolbox_init": [
      "<value name=\"perm\"><block type=\"text\"><field name=\"TEXT\">my.perm</field></block></value>",
      "<value name=\"entity\"><block type=\"entity_from_deps\"></block></value>"
    ],
    "inputs": [
      "perm",
      "entity"
    ]
  }
}