{
  "args0": [
    {
      "type": "input_value",
      "name": "x",
      "check": "Number"
    },
    {
      "type": "input_value",
      "name": "z",
      "check": "Number"
    },
    {
      "type": "input_value",
      "name": "yaw",
      "check": "Number"
    },
    {
      "type": "input_value",
      "name": "targetX",
      "check": "Number"
    },
    {
      "type": "input_value",
      "name": "targetZ",
      "check": "Number"
    }
  ],
  "inputsInline": true,
  "output": "String",
  "colour": "#609986",
  "mcreator": {
    "toolbox_id": "base",
    "toolbox_init": [
      "<value name=\"x\"><block type=\"coord_x\"></block></value>",
      "<value name=\"z\"><block type=\"coord_z\"></block></value>",
      "<value name=\"yaw\"><block type=\"math_number\"><field name=\"NUM\">0</field></block></value>",
      "<value name=\"targetX\"><block type=\"math_number\"><field name=\"NUM\">0</field></block></value>",
      "<value name=\"targetZ\"><block type=\"math_number\"><field name=\"NUM\">0</field></block></value>"
    ],
    "inputs": [
      "x",
      "z",
      "yaw",
      "targetX",
      "targetZ"
    ],
    "dependencies": [
      {
        "name": "world",
        "type": "world"
      }
    ]
  }
}