{
  "args0": [
    {
      "type": "input_value",
      "name": "hashmap",
      "check": "HashMap"
    }
  ],
  "inputsInline": true,
  "output": "String",
  "colour": "#4da45f",
  "mcreator": {
    "toolbox_id": "hashmapcategory",
    "toolbox_init": [
      "<value name=\"hashmap\"><block type=\"variables_get_hashmap\"><mutation xmlns=\"http://www.w3.org/1999/xhtml\" is_player_var=\"false\" has_entity=\"false\"></mutation><field name=\"VAR\"></field></block></value>"
    ],
    "inputs": [
      "hashmap"
    ]
  }
}