{
  "args0": [
    {
      "type": "input_value",
      "name": "variable",
      "check": "HashMap"
    },
    {
      "type": "input_value",
      "name": "ObjectName",
      "check": "String"
    }
  ],
  "inputsInline": true,
  "previousStatement": null,
  "nextStatement": null,
  "colour": "#4e9212",
  "mcreator": {
    "toolbox_id": "hashmapcategory",
    "toolbox_init": [
      "<value name=\"variable\"><block type=\"variables_get_hashmap\"><mutation xmlns=\"http://www.w3.org/1999/xhtml\" is_player_var=\"false\" has_entity=\"false\"></mutation><field name=\"VAR\"></field></block></value>",
      "<value name=\"ObjectName\"><block type=\"text\"><field name=\"TEXT\">text</field></block></value>"
    ],
    "inputs": [
      "variable",
      "ObjectName"
    ]
  }
}