{
  "args0": [
    {
      "type": "input_value",
      "name": "ObjectName",
      "check": "String"
    },
    {
      "type": "input_value",
      "name": "variable",
      "check": "HashMapList"
    },
    {
      "type": "input_statement",
      "name": "execution"
    }
  ],
  "inputsInline": true,
  "previousStatement": null,
  "nextStatement": null,
  "colour": "#4e9212",
  "mcreator": {
    "toolbox_id": "hashmapcategory",
    "toolbox_init": [
      "<value name=\"ObjectName\"><block type=\"text\"><field name=\"TEXT\">text</field></block></value>",
      "<value name=\"variable\"><block type=\"variables_get_hashmaplist\"><mutation xmlns=\"http://www.w3.org/1999/xhtml\" is_player_var=\"false\" has_entity=\"false\"></mutation><field name=\"VAR\"></field></block></value>"
    ],
    "inputs": [
      "ObjectName",
      "variable"
    ],
    "statements": [
      {
        "name": "execution",
        "disable_local_variables": false
      }
    ]
  }
}