{
  "args0": [
    {
      "type": "input_value",
      "name": "entity",
      "check": "Entity"
    },
    {
      "type": "field_dropdown",
      "name": "name",
      "options": [
        [
          "SWIMMING",
          "SWIMMING"
        ],
        [
          "STANDING",
          "STANDING"
        ],
        [
          "FALL_FLYING",
          "FALL_FLYING"
        ],
        [
          "SLEEPING",
          "SLEEPING"
        ],
        [
          "SPIN_ATTACK",
          "SPIN_ATTACK"
        ],
        [
          "CROUCHING",
          "CROUCHING"
        ],
        [
          "LONG_JUMPING",
          "LONG_JUMPING"
        ],
        [
          "DYING",
          "DYING"
        ],
        [
          "CROAKING",
          "CROAKING"
        ],
        [
          "ROARING",
          "ROARING"
        ],
        [
          "SNIFFING",
          "SNIFFING"
        ],
        [
          "EMERGING",
          "EMERGING"
        ],
        [
          "DIGGING",
          "DIGGING"
        ]
      ]
    }
  ],
  "inputsInline": true,
  "previousStatement": null,
  "nextStatement": null,
  "colour": "#608a99",
  "mcreator": {
    "toolbox_id": "entitymanagement",
    "toolbox_init": [
      "<value name=\"entity\"><block type=\"entity_from_deps\"></block></value>"
    ],
    "inputs": [
      "entity"
    ],
    "fields": [
      "name"
    ]
  }
}