{
  "args0": [
    {
      "type": "input_value",
      "name": "tooltiptext",
      "check": "String"
    },
    {
      "type": "input_value",
      "name": "position",
      "check": "Number"
    }
  ],
  "inputsInline": true,
  "previousStatement": null,
  "nextStatement": null,
  "colour": "72",
  "mcreator": {
    "toolbox_id": "itemtooltips",
    "toolbox_init": [
      "<value name=\"tooltiptext\"><block type=\"text\"><field name=\"TEXT\">tooltip</field></block></value>",
      "<value name=\"position\"><block type=\"math_number\"><field name=\"NUM\">1</field></block></value>"
    ],
    "dependencies": [
      {
        "name": "tooltip",
        "type": "tooltip"
      }
    ],
    "inputs": [
      "tooltiptext",
      "position"
    ]
  }
}