{
  "args0": [
    {
      "type": "input_value",
      "name": "x",
      "check": "Number"
    },
    {
      "type": "input_value",
      "name": "y",
      "check": "Number"
    },
    {
      "type": "input_value",
      "name": "z",
      "check": "Number"
    },
    {
      "type": "input_value",
      "name": "tagName",
      "check": "String"
    },
    {
      "type": "input_value",
      "name": "tagValue",
      "check": "Boolean"
    },
    {
      "type": "field_image",
      "src": "./res/server.png",
      "width": 8,
      "height": 24
    }
  ],
  "inputsInline": true,
  "previousStatement": null,
  "nextStatement": null,
  "colour": "%{BKY_LOGIC_HUE}",
  "mcreator": {
    "toolbox_id": "blockactions",
    "toolbox_init": [
      "<value name=\"x\"><block type=\"coord_x\"></block></value>",
      "<value name=\"y\"><block type=\"coord_y\"></block></value>",
      "<value name=\"z\"><block type=\"coord_z\"></block></value>",
      "<value name=\"tagName\"><block type=\"text\"><field name=\"TEXT\">tagName</field></block></value>",
      "<value name=\"tagValue\"><block type=\"logic_boolean\"><field name=\"BOOL\">TRUE</field></block></value>"
    ],
    "inputs": [
      "x",
      "y",
      "z",
      "tagName",
      "tagValue"
    ],
    "dependencies": [
      {
        "name": "world",
        "type": "world"
      }
    ]
  }
}