{
  "args0": [
    {
      "type": "input_value",
      "name": "a",
      "check": "Entity"
    },
    {
      "type": "input_value",
      "name": "b",
      "check": "Entity"
    }
  ],
  "inputsInline": true,
  "output": "Boolean",
  "colour": 195,
  "mcreator": {
    "toolbox_id": "logicoperations",
    "toolbox_init": [
      "~<value name=\"a\"><block type=\"entity_from_deps\"></block></value>",
      "~<value name=\"b\"><block type=\"source_entity_from_deps\"></block></value>"
    ],
    "inputs": [
      "a",
      "b"
    ]
  }
}