{
  "args0": [
    {
      "type": "input_value",
      "name": "damagesource",
      "check": "DamageSource"
    },
    {
      "type": "input_value",
      "name": "tag",
      "check": "String"
    }
  ],
  "inputsInline": true,
  "output": "Boolean",
  "colour": "%{BKY_LOGIC_HUE}",
  "mcreator": {
    "toolbox_id": "damagesources",
    "toolbox_init": [
      "<value name=\"damagesource\"><block type=\"damagesource_from_deps\"></block></value>",
      "<value name=\"tag\"><block type=\"text\"><field name=\"TEXT\">minecraft:is_fire</field></block></value>"
    ],
    "inputs": [
      "damagesource",
      "tag"
    ]
  }
}