{
  "args0": [
    {
      "type": "input_value",
      "name": "damagesource",
      "check": "DamageSource"
    },
    {
      "type": "field_data_list_selector",
      "name": "damagetype",
      "datalist": "damagesources",
      "customEntryProviders": "damagetype"
    }
  ],
  "inputsInline": true,
  "output": "Boolean",
  "colour": "%{BKY_LOGIC_HUE}",
  "mcreator": {
    "toolbox_id": "logicoperations",
    "toolbox_init": [
      "<value name=\"damagesource\"><block type=\"damagesource_from_deps\"></block></value>"
    ],
    "inputs": [
      "damagesource"
    ],
    "fields": [
      "damagetype"
    ]
  }
}