{
  "args0": [
    {
      "type": "field_data_list_selector",
      "name": "damagetype",
      "datalist": "damagesources",
      "customEntryProviders": "damagetype"
    },
    {
      "type": "input_value",
      "name": "cause",
      "check": "Entity"
    },
    {
      "type": "input_value",
      "name": "directcause",
      "check": "Entity"
    }
  ],
  "inputsInline": true,
  "output": "DamageSource",
  "colour": "320",
  "mcreator": {
    "toolbox_id": "damagesources",
    "toolbox_init": [
      "<value name=\"cause\"><block type=\"source_entity_from_deps\"></block></value>",
      "<value name=\"directcause\"><block type=\"immediate_source_entity_from_deps\"></block></value>"
    ],
    "inputs": [
      "cause",
      "directcause"
    ],
    "fields": [
      "damagetype"
    ],
    "dependencies": [
      {
        "name": "world",
        "type": "world"
      }
    ]
  }
}