{
  "args0": [
    {
      "type": "input_value",
      "name": "entity",
      "check": "Entity"
    },
    {
      "type": "field_data_list_selector",
      "name": "customEntity",
      "datalist": "customEntity"
    },
    {
      "type": "input_dummy",
      "name": "accessorField"
    },
    {
      "type": "input_value",
      "name": "value",
      "check": "Boolean"
    }
  ],
  "extensions": [
    "entity_data_logic_list_provider"
  ],
  "inputsInline": true,
  "colour": "%{BKY_LOGIC_HUE}",
  "previousStatement": null,
  "nextStatement": null,
  "mcreator": {
    "group": "synced_data",
    "toolbox_id": "entitymanagement",
    "toolbox_init": [
      "<value name=\"entity\"><block type=\"entity_from_deps\"></block></value>",
      "<value name=\"value\"><block type=\"logic_boolean\"><field name=\"BOOL\">FALSE</field></block></value>",
      "~<field name=\"customEntity\">CUSTOM:Examplelivingentity2</field>",
      "~<field name=\"accessor\">Logic</field>"
    ],
    "fields": [
      "customEntity",
      "accessor"
    ],
    "inputs": [
      "entity",
      "value"
    ]
  }
}
