{
  "args0": [
    {
      "type": "input_value",
      "name": "function",
      "check": "String"
    },
    {
      "type": "input_value",
      "name": "entity",
      "check": "Entity"
    },
    {
      "type": "field_image",
      "src": "./res/server.png",
      "width": 8,
      "height": 24
    }
  ],
  "inputsInline": true,
  "previousStatement": null,
  "nextStatement": null,
  "colour": 195,
  "mcreator": {
    "toolbox_id": "entitymanagement",
    "toolbox_init": [
      "<value name=\"function\"><block type=\"text\"><field name=\"TEXT\">namespace:function</field></block></value>",
      "<value name=\"entity\"><block type=\"entity_from_deps\"></block></value>"
    ],
    "inputs": [
      "function",
      "entity"
    ]
  }
}