{
  "args0": [
    {
      "type": "input_value",
      "name": "power",
      "check": "Number"
    },
    {
      "type": "input_value",
      "name": "x",
      "check": "Number"
    },
    {
      "type": "input_value",
      "name": "y",
      "check": "Number"
    },
    {
      "type": "input_value",
      "name": "z",
      "check": "Number"
    },
    {
      "type": "field_dropdown",
      "name": "mode",
      "options": [
        [
          "NONE",
          "NONE"
        ],
        [
          "BLOCK",
          "BLOCK"
        ],
        [
          "MOB",
          "MOB"
        ],
        [
          "TNT",
          "TNT"
        ]
      ]
    },
    {
      "type": "field_image",
      "src": "./res/server.png",
      "width": 8,
      "height": 24
    }
  ],
  "inputsInline": true,
  "previousStatement": null,
  "nextStatement": null,
  "colour": 35,
  "mcreator": {
    "toolbox_id": "worldmanagement",
    "toolbox_init": [
      "<value name=\"power\"><block type=\"math_number\"><field name=\"NUM\">4</field></block></value>",
      "<value name=\"x\"><block type=\"coord_x\"></block></value>",
      "<value name=\"y\"><block type=\"coord_y\"></block></value>",
      "<value name=\"z\"><block type=\"coord_z\"></block></value>"
    ],
    "inputs": [
      "x",
      "y",
      "z",
      "power"
    ],
    "fields": [
      "mode"
    ],
    "dependencies": [
      {
        "name": "world",
        "type": "world"
      }
    ]
  }
}
