{
  "args0": [
    {
      "type": "field_javaname",
      "name": "textfield",
      "text": "textFieldName"
    },
    {
      "type": "field_image",
      "src": "./res/client.png",
      "width": 8,
      "height": 24
    },
    {
      "type": "input_value",
      "name": "text",
      "check": "String"
    }
  ],
  "inputsInline": true,
  "previousStatement": null,
  "nextStatement": null,
  "colour": 110,
  "mcreator": {
    "group": "components",
    "toolbox_id": "guimanagement",
    "toolbox_init": [
      "<value name=\"text\"><block type=\"text\"><field name=\"TEXT\">Text</field></block></value>"
    ],
    "fields": [
      "textfield"
    ],
    "inputs": [
      "text"
    ],
    "dependencies": [
      {
        "name": "guistate",
        "type": "map"
      }
    ]
  }
}