{
  "args0": [
    {
      "type": "input_value",
      "name": "item",
      "check": "MCItem"
    },
    {
      "type": "field_dropdown",
      "name": "rarity",
      "options": [
        [
          "COMMON",
          "COMMON"
        ],
        [
          "UNCOMMON",
          "UNCOMMON"
        ],
        [
          "RARE",
          "RARE"
        ],
        [
          "EPIC",
          "EPIC"
        ]
      ]
    }
  ],
  "output": "Boolean",
  "colour": "%{BKY_LOGIC_HUE}",
  "mcreator": {
    "toolbox_id": "itemdata",
    "toolbox_init": [
      "<value name=\"item\"><block type=\"itemstack_to_mcitem\"></block></value>"
    ],
    "inputs": [
      "item"
    ],
    "fields": [
      "rarity"
    ]
  }
}