{
  "args0": [
    {
      "type": "input_value",
      "name": "ticks",
      "check": "Number"
    },
    {
      "type": "input_value",
      "name": "entity",
      "check": "Entity"
    },
    {
      "type": "input_value",
      "name": "item",
      "check": "MCItem"
    }
  ],
  "inputsInline": true,
  "previousStatement": null,
  "nextStatement": null,
  "colour": 350,
  "mcreator": {
    "group": "cooldown",
    "toolbox_id": "itemmanagement",
    "toolbox_init": [
      "<value name=\"ticks\"><block type=\"math_number\"><field name=\"NUM\">100</field></block></value>",
      "<value name=\"entity\"><block type=\"entity_from_deps\"></block></value>",
      "<value name=\"item\"><block type=\"itemstack_to_mcitem\"></block></value>"
    ],
    "inputs": [
      "ticks",
      "entity",
      "item"
    ]
  }
}