{
  "args0": [
    {
      "type": "input_value",
      "name": "item",
      "check": "MCItem"
    },
    {
      "type": "field_data_list_selector",
      "name": "enhancement",
      "datalist": "enchantments",
      "customEntryProviders": "enchantment"
    }
  ],
  "inputsInline": true,
  "output": "Number",
  "colour": "%{BKY_MATH_HUE}",
  "mcreator": {
    "group": "enchanting",
    "toolbox_id": "itemdata",
    "toolbox_init": [
      "<value name=\"item\"><block type=\"itemstack_to_mcitem\"></block></value>"
    ],
    "fields": [
      "enhancement"
    ],
    "inputs": [
      "item"
    ]
  }
}