{
  "args0": [
    {
      "type": "field_data_list_selector",
      "name": "projectile",
      "datalist": "arrowProjectile"
    },
    {
      "type": "input_value",
      "name": "damage",
      "check": "Number"
    },
    {
      "type": "input_value",
      "name": "knockback",
      "check": "Number"
    },
    {
      "type": "input_value",
      "name": "piercing",
      "check": "Number"
    },
    {
      "type": "input_value",
      "name": "shooter",
      "check": "Entity"
    },
    {
      "type": "field_checkbox",
      "name": "fire",
      "checked": false
    },
    {
      "type": "field_checkbox",
      "name": "particles",
      "checked": false
    },
    {
      "type": "field_dropdown",
      "name": "pickup",
      "options": [
        [
          "DISALLOWED",
          "DISALLOWED"
        ],
        [
          "ALLOWED",
          "ALLOWED"
        ],
        [
          "CREATIVE_ONLY",
          "CREATIVE_ONLY"
        ]
      ]
    }
  ],
  "inputsInline": true,
  "output": "ProjectileEntity",
  "colour": 300,
  "mcreator": {
    "toolbox_id": "projectilemanagement",
    "toolbox_init": [
      "<value name=\"damage\"><block type=\"math_number\"><field name=\"NUM\">5</field></block></value>",
      "<value name=\"knockback\"><block type=\"math_number\"><field name=\"NUM\">1</field></block></value>",
      "<value name=\"piercing\"><block type=\"math_number\"><field name=\"NUM\">0</field></block></value>",
      "<value name=\"shooter\"><block type=\"entity_none\"></block></value>"
    ],
    "inputs": [
      "damage",
      "knockback",
      "piercing",
      "shooter"
    ],
    "fields": [
      "projectile",
      "fire",
      "particles",
      "pickup"
    ],
    "dependencies": [
      {
        "name": "projectileLevel",
        "type": "world"
      }
    ]
  }
}